Word,Verb,Noun,Con
abacus,Accelerate,mustachio,the
abeyance,Accommodate,cobia,my
abjure,Accomplish,cistercian,
abraded,Accumulate,crooner,
abrogate,Achieve,coulter,
abscond,Acquire,propane,
abstruse,Act,dell,
abysmal,Activate,rawhide,
acarpous,Adapt,microbe,
acclaimed,Add,fur,
accolade,Address,broiler,
accretion,Adjust,voyeur,
accrue,Administer,crotch,
adamant,Advertise,succession,
affable,Advise,puerto rican,
affinity,Advocate,chloroplast,
aggravate,Aid,corvette,
alacrity,Aide,hemimorphite,
alcove,Align,cytomegalovirus,
alleviate,Allocate,scraper,
ambiguous,Amend,millet,
ambrosial,Analyze,bannister,
amortize,Answer,ostrogoth,
anguish,Anticipate,roadhouse,
animosity,Apply,schist,
antidote,Appoint,clorox,
apartheid,Appraise,groupie,
aplomb,Approve,admiral,
apostate,Arbitrate,widget,
appease,Arrange,hero,
apprise,Articulate,dahl,
apropos,Ascertain,herm,
arabesque,Assemble,sunspot,
arboreal,Assess,anorthite,
arduous,Assign,dogwood,
arrant,Assist,herr,
arrogance,Assume,quark,
ascend,Attain,pancreas,
ascertain,Attend,doldrums,
ascetic,Attract,substance,
ascribe,Audit,saltbox,
aseptic,Augment,outskirt,
asperity,Author,neurologist,
aspersion,Authorize,climber,
assail,Automate,cobblers,
assiduous,Avert,lamaist,
assuage,Award,flotsam,
asterisk,Bargain,linotype,
astute,Begin,neutrino,
atonement,Bolster,spoke,
attenuate,Boost,geisha,
attune,Bought,cannibal,
audacious,Brief,escarpment,
augury,Broaden,chinchilla,
august,Budget,intervenor,
austere,Build,playboy,
auxiliary,Built,segregationist,
aversion,Calculate,huntress,
baleful,Calibrate,yahoo,
baneful,Canvass,midst,
barrage,Capture,adventist,
barren,Care,porcupines,
beatify,Catalog,exocet,
bedizen,Catalogue,blade,
belabor,Categorize,chukchi,
bellicose,Cater,carioca,
benign,Cause,locker,
bequest,Centralize,battlefront,
berate,Chair,plunger,
bereft,Charge,capsaicin,
bewilder,Chart,wand,
blandness,Check,schnapps,
blatant,Check in,fluorite,
blithe,Check out,titanium,
bolster,Clarify,stover,
boorish,Classify,organizer,
brazen,Co-operate,pinto,
breach,Coach,auger,
brittle,Code,clews,
broach,Collaborate,playback,
buoyant,Collate,cheetah,
burgeon,Collect,brassard,
burnish,Combine,wolfram,
cajole,Comfort,grandad,
calipers,Commence,chump,
calumny,Communicate,assemblywoman,
candid,Compare,tetra,
canvass,Compile,baggage,
castigate,Complete,backdrop,
catalyst,Compose,ovule,
caustic,Compute,dreamer,
censure,Conceive,ligand,
centurion,Conceptualize,lifeline,
chastened,Conciliate,gridiron,
chicanery,Conclude,fig,
chisel,Condense,shipbuilder,
clamor,Conduct,workhorse,
clientele,Confer,doghouse,
clinch,Confirm,songwriter,
cloture,Connect,township,
coddle,Conserve,headboard,
coerce,Consider,thyme,
coeval,Consolidate,capricorn,
cogent,Construct,tallgrass,
cogitate,Consult,volcano,
cognizant,Contact,gumshoe,
cohort,Contract,magnetometer,
colander,Contribute,dutchman,
collusion,Control,canoeist,
commuter,Convert,whig,
conceal,Convey,blinder,
conceit,Convince,displacement,
concord,Cooperate,turnip,
concur,Coordinate,bobcat,
condense,Copy,strychnine,
Conduce,Correct,deerskin,
condone,Correlate,triptych,
congeal,Correspond,mason,
conjoin,Counsel,cooter,
console,Create,tennessean,
constrain,Critique,taos,
constrict,Cultivate,phenolic,
consume,Customize,clarence,
contemn,Dealt with,cornerstone,
contrite,Debate,robitussin,
conundrum,Debug,silicon,
convoke,Decide,secularist,
cordial,Decrease,atp,
cordon,Dedicate,minge,
corporeal,Deduce,shopper,
correlate,Defend,wasp,
covert,Defer,chevron,
covetous,Define,pulsar,
cravat,Delegate,pronghorn,
craven,Deliver,basketball,
crease,Demonstrate,lego,
credulity,Depict,zinfandel,
credulous,Depreciated,reuben,
cryptic,Derive,miller,
cursory,Describe,hardboard,
curtail,Design,critter,
dainty,Detail,gemfibrozil,
dawdler,Detect,niobite,
dearth,Determine,rectifier,
debacle,Develop,lunger,
decorum,Devise,nirvana,
decree,Devote,docent,
defiance,Diagnose,skimmer,
delineate,Diagram,icicle,
deluge,Differentiate,sycamore,
demagogue,Direct,trey,
denigrate,Discharge,ecuadoran,
deplete,Disclose,napalm,
deprave,Discover,runner,
deprecate,Discriminate,komi,
derision,Discuss,corespondent,
descry,Dispatch,absorber,
desiccant,Display,escalator,
desuetude,Dissect,beltway,
desultory,Disseminate,divan,
deviance,Distinguish,britches,
dexterity,Distribute,kremlin,
diatribe,Diversify,paintbrush,
didactic,Document,matriarch,
dilate,Draft,stirrup,
disallow,Draw,paiute,
discern,Drew,crayfish,
discomfit,Earn,episode,
discourse,Edit,classicist,
discredit,Educate,tellurium,
discreet,Effect,meltwater,
discrete,Elect,pragmatist,
disdain,Elicit,polypropylene,
disinter,Eliminate,sightseer,
dislodge,Emphasize,tequila,
dismal,Employ,prig,
disparate,Enable,heckler,
disproof,Encourage,quad,
dissemble,Enforce,recliner,
dissent,Engineer,herbivore,
divulge,Enhance,excavator,
doggerel,Enlarge,menu,
dogmatic,Enlighten,cougar,
dormant,Enlist,statehouse,
dubious,Enrich,luba,
dulcet,Ensure,longhorn,
duplicity,Enter,greenwood,
duress,Entertain,boathouse,
dynamo,Enumerate,caribe,
ebullient,Equip,tungsten,
edacious,Establish,chutney,
edible,Estimate,jaguar,
effete,Evaluate,avenger,
efficacy,Examine,boarder,
effluvia,Exchange,plutocrat,
egress,Execute,sauk,
elaborate,Exercise,radium,
elicit,Exhibit,radius,
eloquence,Expand,sombrero,
emaciate,Expedite,rings,
embellish,Experiment,humankind,
embezzle,Explain,dextrose,
empirical,Explore,acropolis,
encomium,Express,nature,
endearing,Extend,carboy,
endemic,Extract,horseflesh,
endorse,Extrapolate,butane,
enduring,Fabricate,carbon,
enervate,Facilitate,roller,
engender,Familiarize,flathead,
engrave,Fashion,federalist,
engulf,File,trickster,
enigma,Filter,adapter,
enmity,Finalize,argus,
ensign,Fine-tune,chassis,
entangle,Fix,pita,
enthral,Focus,gopher,
entice,Forecast,canyon,
entreat,Formulate,stupa,
enunciate,Fortify,basque,
enzyme,Forward,lighthouse,
epicurean,Foster,sauterne,
epistle,Found,suffragette,
epithet,Frame,perchlorate,
epitome,Fund,savin,
equable,Furnish,grapefruit,
equipoise,Further,jackass,
equivocal,Gather,chamberlain,
eradicate,Gauge,prelate,
erratic,Generate,child,
erudite,Govern,chili,
eschew,Grade,kennan,
esoteric,Grant,guyot,
espouse,Greet,armband,
eulogy,Guide,doormat,
euphoria,Handle,granduncle,
evasive,Head,equator,
evince,Help,delicatessen,
exculpate,Highlight,kohl,
exigency,Hire,locksmith,
expatiate,Host,player,
expedient,Identify,hygienist,
expiation,Illustrate,conditioner,
exploit,Impart,darkie,
expurgate,Implement,trustee,
exscind,Import,bricklayer,
extant,Improve,pawnshop,
extempore,Improvise,toaster,
extenuate,Incorporate,fireweed,
extinct,Increase,voyager,
extirpate,Index,marcher,
extort,Individualize,landman,
extrovert,Influence,tuna,
facetious,Inform,metalwork,
facile,Initiate,featherweight,
fagged,Innovate,polariscope,
falter,Inspect,intrusion,
fatuous,Inspire,milliner,
feckless,Install,plaque,
fecund,Institute,autobahn,
ferment,Instruct,capitol,
ferocity,Insure,quasar,
ferret,Integrate,roadrunner,
fervid,Interact,dramamine,
fervor,Interface,caregiver,
fetter,Interpret,cellophane,
fidelity,Intervene,alum,
fidget,Interview,psalter,
finesse,Introduce,duffer,
finical,Invent,manzanilla,
finicky,Inventory,duffel,
fission,Investigate,cortland,
fixate,Involve,cottier,
flaunting,Join,survival,
fledged,Judge,vigilante,
flinch,Justify,sultanate,
florid,Label,gastroscope,
fluster,Launch,bobby,
foible,Lead,seaside,
foment,Learn,gangplank,
foolproof,Lecture,crematorium,
foppish,License,pavement,
forage,Lighten,steps,
forbear,Liquidate,ola,
forestall,List,creel,
forfeit,Listen,creek,
forgery,Litigate,landfall,
forswear,Lobby,shirtsleeve,
foster,Localize,nonmember,
fracas,Locate,tajik,
fragile,Log,billboard,
fragrant,Maintain,okra,
frantic,Manage,latecomer,
frenetic,Manufacture,res,
fringe,Map,repression,
froward,Market,treadmill,
frugal,Master,sower,
fulsome,Maximize,cultist,
gainsay,Measure,shaker,
garble,Mechanize,collet,
garner,Mediate,diltiazem,
garrulity,Mentor,trampoline,
garrulous,Merge,lefty,
gaucherie,Methodize,binder,
germane,Minimize,brokerage,
glimmer,Mobilize,valium,
gossamer,Model,stoker,
gourmand,Moderate,lackey,
grievous,Modernize,inderal,
grovel,Modify,globetrotter,
gullible,Monitor,saccule,
halcyon,Motivate,cornstalk,
hallow,Narrate,sol,
harangue,Navigate,mocha,
harbinger,Negotiate,raiser,
harrow,Notify,hospice,
haughty,Nurse,bombardier,
heinous,Nurture,panorama,
heresy,Observe,nova,
hermetic,Obtain,raper,
highbrow,Officiate,trappings,
hirsute,Offset,bedrock,
hollow,Operate,moselle,
holster,Orchestrate,multiprocessor,
hoodwink,Order,beech,
hubris,Organize,melanin,
hypocrisy,Orient,onlooker,
idolatry,Orientate,smasher,
ignoble,Originate,paprika,
illicit,Outline,sorus,
imbroglio,Overhaul,dulciana,
imminent,Oversaw,bathrobe,
immutable,Oversee,damson,
impair,Package,gemini,
impassive,Participate,quintuplet,
impede,Perceive,cassia,
impending,Perfect,dealer,
imperious,Perform,cassie,
impetuous,Persuade,lees,
impiety,Photograph,acetaminophen,
implicate,Pilot,leek,
implicit,Pioneer,woodman,
implosion,Plan,taurus,
importune,Practice,devon,
impromptu,Predict,transporter,
impudent,Prepare,hawker,
impugned,Present,puss,
impute,Preserve,pion,
inasmuch,Preside,cottonseed,
incense,Prevent,ottawa,
incessant,Print,fastener,
inchoate,Prioritize,sniffer,
incipient,Probe,equalizer,
incise,Process,viaduct,
incite,Produce,allgood,
inclined,Program,burgomaster,
inculcate,Project,gallbladder,
incursion,Promote,putterer,
indelible,Propose,dustman,
indigence,Provide,fatigues,
indolence,Publicize,kittiwake,
indulge,Publish,solver,
indulgent,Purchase,fingerpaint,
ineffable,Qualify,muscat,
inferno,Quantify,teak,
infuriate,Quote,subway,
infuse,Raise,meadow,
ingenuous,Ran,bock,
ingest,Rank,minion,
inimical,Rate,heavyweight,
innocuous,Read,anaconda,
insinuate,Reason,playpen,
insipid,Recall,headset,
interdict,Recognize,crackpot,
interim,Recommend,flashbulb,
intrepid,Reconcile,draftee,
inundate,Record,banister,
inured,Recreate,foliage,
invective,Recruit,amalgam,
inveigh,Rectify,linseed,
involute,Reduce,drafter,
irascible,Refer,nitroglycerine,
irksome,Refine,overnighter,
itinerate,Register,rhodopsin,
jabber,Regulate,musicologist,
jagged,Rehabilitate,throughput,
jocular,Reinforce,houseman,
judicious,Relate,radish,
lament,Related,grindle,
lassitude,Release,forefront,
latent,Remodel,turret,
laudatory,Render,wicker,
lavish,Renew,papaw,
legacy,Reorganize,wicket,
levity,Repair,crammer,
libertine,Replace,bender,
lionize,Report,scope,
lucubrate,Represent,guardsman,
luculent,Research,clitoris,
lumber,Reserve,tundra,
luminary,Resolve,appendix,
lustrous,Respond,mascot,
macabre,Restore,lumberjack,
macerate,Restrict,impasse,
maladroit,Retain,cataloger,
malign,Retrieve,stockroom,
malinger,Revamp,ammonite,
malleable,Reveal,lodestone,
manacle,Review,stetson,
massacre,Revise,stockbroker,
maudlin,Revitalize,stole,
maverick,Route,mauler,
mendacity,Sample,finnan,
mendicant,Save,divider,
mercurial,Scan,encampment,
mesmerize,Schedule,lido,
mettle,Screen,technocrat,
middling,Script,latte,
minatory,Scrutinize,missal,
mollify,Search,sandbagger,
morbid,Secure,dove,
morose,Segment,heliotrope,
muffler,Select,puller,
mundane,Serve,scrivener,
myriad,Service,sandbox,
nascent,Set goals,mango,
nebulous,Set up,blowup,
negligent,Settle,merino,
neophyte,Shape,taira,
nibble,Share,tendency,
noisome,Show,tore,
nonplused,Simplify,accordion,
nostrum,Simulate,nymph,
noxious,Sketch,jessamine,
nugatory,Sold,hashish,
obdurate,Solicit,suspension,
obfuscate,Solve,swastika,
oblivious,Sort,apron,
obloquy,Speak,pushover,
obtain,Spearhead,sorter,
obtrusive,Specialize,homebuilder,
obtuse,Specify,polder,
obviate,Spoke,ketchup,
occluded,Stage,handiwork,
odious,Standardize,goldstone,
officious,Start,interferometer,
ominous,Stimulate,hawkbill,
onerous,Straighten,hinny,
ossify,Strategize,methotrexate,
ostracism,Streamline,workaholic,
overhaul,Strengthen,beauty,
palate,Structure,internee,
palatial,Study,microfossil,
palliate,Submit,commissar,
palpitate,Substantiate,internet,
panegyric,Substitute,formula,
paradigm,Suggest,linguine,
pariah,Summarize,bookie,
parley,Supervise,pennsylvanian,
partisan,Supply,inhaler,
patron,Support,pung,
paucity,Surpass,councilwoman,
pedantic,Survey,backside,
pellucid,Sustain,basso,
penchant,Symbolize,monsignor,
penitent,Synthesize,gaff,
penurious,Systematize,ostrich,
penury,Tabulate,cheviot,
perfidy,Tail,plasminogen,
perilous,Target,cloakroom,
perish,Taught,yarrow,
perjury,Teach,nester,
permeate,Tend,paleontologist,
pertain,Terminate,nubian,
petrified,Test,stuffer,
petrify,Theorize,boulevard,
petrous,Time,grackle,
petulant,Tour,shoebox,
piquant,Trace,drugstore,
pitfall,Track,slasher,
pivotal,Trade,starfish,
placate,Train,boyfriend,
plaintive,Transcribe,biohazard,
plaque,Transfer,counselor,
platitude,Transform,janitor,
plethora,Translate,scuba,
pliant,Transmit,sac,
plummet,Transport,zovirax,
plunge,Transpose,alley,
poignant,Travel,jansenist,
poncho,Treat,spender,
ponderous,Triple,sax,
portent,Troubleshot,rainwater,
precepts,Tutor,borough,
preclude,Uncover,transcriber,
premature,Undertook,highflier,
presage,Unify,handicraft,
prevalent,Unveil,washbasin,
pristine,Update,zoo,
probity,Upgrade,roadside,
prodigal,Upheld,retina,
profane,Use,palette,
profuse,Utilize,standard-bearer,
prolix,Validate,knee,
prosaic,Value,pager,
proscribe,Verify,byway,
provident,View,lawn,
provoke,Visit,thalidomide,
prudence,Visualize,bicyclist,
prudish,Vitalize,constable,
pucker,Volunteer,obsidian,
puissance,Weigh,landlady,
pundit,Widen,lotus,
pungency,Win,calamari,
purvey,Withdraw,babbler,
quandary,Witness,fibre,
quibble,Write,merlin,
quiescent,Xerox,gourd,
quixotic,Zap,sloe,
quotidian,Zero in,actin,
rabble,Zip,firedamp,
raconteur,Zoom in,inuit,
raffish,Zoom out,scorekeeper,
ramify,Zone off,trappist,
